<?xml version="1.0" encoding="UTF-8"?>
 <!--
   Copyright 2005-2006 Log4Delphi Project

   Licensed under the Apache License, Version 2.0 (the "License");
   you may not use this file except in compliance with the License.
   You may obtain a copy of the License at

       http://www.apache.org/licenses/LICENSE-2.0

   Unless required by applicable law or agreed to in writing, software
   distributed under the License is distributed on an "AS IS" BASIS,
   WITHOUT WARRANTIES OR CONDITIONS OF ANY KIND, either express or implied.
   See the License for the specific language governing permissions and
   limitations under the License.
  -->
<!DOCTYPE document PUBLIC "-//APACHE//DTD Documentation V1.2//EN" 
          "http://apache.org/forrest/dtd/document-v12.dtd">
          
<document> 
    <header>
        <title>Log4Delphi Design Overview</title>
    </header>
    <body>
		<section>
			<title>Brief Overview</title>
			<p>Inserting log statements into source code is a low-tech method for 
				debugging it. It may also be the only way since debuggers are not 
				always available or applicable, often the case for distributed 
				applications.</p>
			<p>On the other hand, some people argue that log statements pollute source 
				code and decrease legibility. Generally log statements increase the size 
				of the code and reduce its speed, even when logging is turned off. Given 
				that a reasonably sized application may contain thousands of log 
				statements, speed is of particular importance.</p>
			<p>With Log4Delphi it is possible to enable logging at runtime without 
				modifying the application binary. The Log4Delphi suite is designed so 
				that these statements can remain in shipped code without incurring a 
				heavy performance cost. Logging behavior can be controlled by editing a 
				configuration file, without touching the application binary.</p>
			<p>Logging equips the developer with detailed context for application 
				failures. On the other hand, testing provides quality assurance and 
				confidence in the application. Logging and testing should not be confused.
				They are complementary. When logging is wisely used, it can prove to be 
				an essential tool.</p>
			<p>The target of the log output can be a console window, file or a TStream 
				object, making it possible to send log statements to any imaginable 
				destination, even to a remote log server!</p>
		</section>
		<section>
			<title>Design</title>
			<p>Based on the above overview, Log4Delphi is a Native 32 bit Borland Delphi
				package that acts as a logging suite for Delphi applications. It is an 
				object-oriented package that uses Delphi standard practices to ensure
				that the suite is easily integrated into new and existing applications. As
				such, each class is defined in its own unit, with each unit named after
				the class with a <code>Unit</code> suffix, for example: 
				<code>TAppenderUnit</code>. Standard object oriented principles are
				used as well as a number of well chosen and obvious design
				patterns.</p>
			<p>The suite is based on five core components, namely: Loggers, Levels,
				Appenders, Layouts and LoggingEvents. Loggers have the responsibility of 
				actually performming the logging and they provide the interface that 
				application developers will use to use the logging suite. Levels represent
				different levels of logging that may be performed. Appenders are responsible
				for actually appending a logging message to the target, for example a file.
				Layouts are used to format logging messages. Logging events represent the
				actual event that should be logged.</p>
			<p>A typical sequence that occurs when an application sends a message to the
				logging suite is as follows:</p>
			<ol>
				<li>A logger is selected to perform logging. It checks its assigned logging 
					level to see if it may log the message.</li>
				<li>If the logger may log the message, it creates a logging event and 
					sends the event to all its appenders.</li>
				<li>Each appender checks its assigned logging level to see if it may log
					the event.</li>
				<li>If the appender may log the event it passes the event to its assigned
					layout to format the event as a message.</li>
				<li>The appender then appends the formatted message to its target.</li>
			</ol>
			<p>This may be represented by the following diagram. [Click to view full size]</p>
			<p><link href="images/sequence_large.gif"><img src="images/sequence_thumb.gif" alt="[Click to view full size]" /></link></p>
		</section>
		<section>
			<title>UML</title>
			<p>The UML Class Diagram for the project is given below. It only includes the 
				core components of the suite and is designed to give an overview of the 
				design of the suite. [Click to view full size]</p>
			<p><link href="images/uml_large.gif"><img src="images/uml_thumb.gif" alt="[Click to view full size]" /></link></p>
		</section>				
    </body>
    <footer>
    	<legal>Copyright 2005-2006 Log4Delphi Project. All Rights Reserved.</legal>
    </footer>
</document>