<?xml version="1.0" encoding="UTF-8"?>
 <!--
   Copyright 2005-2006 Log4Delphi Project

   Licensed under the Apache License, Version 2.0 (the "License");
   you may not use this file except in compliance with the License.
   You may obtain a copy of the License at

       http://www.apache.org/licenses/LICENSE-2.0

   Unless required by applicable law or agreed to in writing, software
   distributed under the License is distributed on an "AS IS" BASIS,
   WITHOUT WARRANTIES OR CONDITIONS OF ANY KIND, either express or implied.
   See the License for the specific language governing permissions and
   limitations under the License.
  -->
<!DOCTYPE document PUBLIC "-//APACHE//DTD Documentation V1.2//EN" 
          "http://apache.org/forrest/dtd/document-v12.dtd">
          
<document> 
    <header>
        <title>Welcome to Log4Delphi</title>
    </header>
    <body>
        <section>
            <title>What is Log4Delphi?</title>
            <p>Log4Delphi is an Open Source project that aims to produce a high quality 
				and usable logging suite for Borland's Delphi based on the Log4J package 
				from the Apache Software Foundation.</p>
			<p>The main goals of the project are:</p>
			<ul>
				<li>Simplicity. Simplicity should drive everything, the suite should 
					be simple to understand and simple to use.</li>
				<li>Loosely based on Log4J. The Log4J package is a mature logging 
					package for the Java Platform. Log4Delphi is based on that package 
					in such a way that those who know and understand Log4J will easily 
					pick up and learn Log4Delphi.</li>
				<li>Finally, Log4Delphi should be flexible enough to easily integrate 
					into new and existing Delphi projects, by following standard Delphi
					practices.</li>
			</ul>			
			<p>Those interested in the Log4J package can find more information 
				<link href="http://logging.apache.org/log4j">here</link>.</p>
        </section>
		<section>
			<title>What is Logging?</title>
			<p>Inserting log statements into source code is a low-tech method for 
				debugging it. It may also be the only way since debuggers are not 
				always available or applicable, often the case for distributed 
				applications.</p>
			<p>On the other hand, some people argue that log statements pollute source 
				code and decrease legibility. Generally log statements increase the size 
				of the code and reduce its speed, even when logging is turned off. Given 
				that a reasonably sized application may contain thousands of log 
				statements, speed is of particular importance.</p>
			<p>With Log4Delphi it is possible to enable logging at runtime without 
				modifying (re-compiling) the application binary. The Log4Delphi suite is 
				designed so that these statements can remain in shipped code without 
				incurring a heavy performance cost. Logging behavior can be controlled 
				by editing a configuration file, without touching the application 
				binary.</p>
			<p>Logging equips the developer with detailed context for application 
				failures. On the other hand, testing provides quality assurance and 
				confidence in the application. Logging and testing should not be confused.
				They are complementary. When logging is wisely used, it can prove to be 
				an essential tool.</p>
			<p>The target of the log output can be a console window, file or a TStream 
				object, making it possible to send log statements to any imaginable 
				destination, even to a remote log server!</p>			
		</section>
		<section>
			<title>How Much Does Log4Delphi Cost?</title>
			<p>Since Log4Delphi is licenced under an Open Source license it is completely 
				free of charge for any application. This means 
				you can use it in your commercial applications without any worry.</p>
			<p>Support is also free, just join the mailing list and ask any questions
				you want.</p>
			<p>The source code is available, so if a feature you want is missing, feel
				free to implement it!</p>
		</section>		
		<section>
            <title>Project Status</title>
			<p>Log4Delphi is still in early stages of development and will continue to 
				grow through a series of 0.x releases.</p>
			<p>It is important for users and developers to realise that this is evolving 
				software and therefore, prior to a 1.0 release, ensuring quality of 
				design is considered more important than retaining backwards 
				compatibility. Having said that, the project strives not to make any 
				undocumented backwards-incompatible changes.</p>
		</section>       	
        <section>
            <title>Developing Log4Delphi</title>
            <p>Log4Delphi is a native 32Bit Borland Delphi Package that is 
				open source and developed in Borland's Delphi version 6 on Windows XP.</p>
			<p>Third party libraries used by Log4Delphi are:</p>
			<ul>
				<li><link href="http://dunit.sourceforge.net">DUnit</link> - Unit testing for Delphi.</li>
				<li><link href="http://dephicodetodoc.sourceforge.net">DelphiCodeToDoc</link> - Documentation for Delphi.</li>
			</ul>			
        </section>        
        <section>
            <title>Where Can I Get It?</title>
			<p>Log4Delphi is developed using principles from the XP aproach to software
				development which means that new releases will be released often,
				almost once a month, so check back often for new releases.</p>
            <p>Official releases are available from this site 
                <link href="download.html">here</link>.</p>
			<p>A release guide may be found 
                <link href="releases.html">here</link>.</p>
        </section>
        <section>
            <title>How Can I Contribute?</title>
            <p>Download it and use it. Then share your experiences with other users and 
				developers on the mailing list by joining the mailing list
				<link href="contact.html">here</link>. You can also use the mailing
				list to discuss what you like and don't like about Log4Delphi as
				well as what you would like to see changed, added or removed.</p>
        </section>
    </body>
    <footer>
    	<legal>Copyright 2005-2006 Log4Delphi Project. All Rights Reserved.</legal>
    </footer>
</document>