<?xml version="1.0" encoding="UTF-8"?>
 <!--
   Copyright 2005-2006 Log4Delphi Project

   Licensed under the Apache License, Version 2.0 (the "License");
   you may not use this file except in compliance with the License.
   You may obtain a copy of the License at

       http://www.apache.org/licenses/LICENSE-2.0

   Unless required by applicable law or agreed to in writing, software
   distributed under the License is distributed on an "AS IS" BASIS,
   WITHOUT WARRANTIES OR CONDITIONS OF ANY KIND, either express or implied.
   See the License for the specific language governing permissions and
   limitations under the License.
  -->
<!DOCTYPE document PUBLIC "-//APACHE//DTD Documentation V1.2//EN"
    "http://apache.org/forrest/dtd/document-v12.dtd">
<document>
    <header>
        <title>Quickstart</title>
    </header>
    <body>
    	<section>
    		<title>Basics</title>
    		<p>Welcome to Log4Delphi. As a new comer, you may find the resources listed below useful!</p>
    		<dl>
    		    <dt><link href="download.html">Download The Latest Version</link></dt>
    		    <dd>Download the latest version of Log4Delphi.</dd>            
    		    <dt><link href="getstarted.html">Getting Started Guide</link></dt>
    		    <dd>For brief information on how to quickly get started with Log4Delphi.</dd>
    		    <dt><link href="tutorial.html">Log4Delphi Tutorial</link></dt>
    		    <dd>For those who want a step by step guide.</dd>
    		    <dt><link href="faq.html">Frquently Asked Questions</link></dt>
    		    <dd>Frequently Asked Questions about Log4Delphi.</dd>
                <dt><link href="troubleshooting.html">Troubleshooting</link></dt>
    		    <dd>If you experience any difficulty in using Log4Delphi, you should find help here.</dd>
    		</dl>
    	</section>
        <section>
    		<title>Advanced</title>
    		<p>Once you are comfortable using Log4Delphi, you may wish to place bug reports or make contributions to the project.</p>
    		<dl>
    		    <dt><link href="developerguide.html">The Developer Guide</link></dt>
    		    <dd>Provides an overview for those interested in participating.</dd>
                <dt><link href="cvs.html">The CVS Repository</link></dt>
    		    <dd>Describes how to access the latest code base using CVS.</dd>
                <dt><link href="troublelshooting.html">Bug Reports and Fixes</link></dt>
    		    <dd>Information on filling out bug reports and submitting fixes is in the Troubleshooting Guide.</dd>
    		</dl>
    	</section>
    </body>
    <footer>
    	<legal>Copyright 2005-2006 Log4Delphi Project. All Rights Reserved.</legal>
    </footer>
</document>